--
-- PostgreSQL database dump
--

-- Dumped from database version 12.22 (Ubuntu 12.22-0ubuntu0.20.04.4)
-- Dumped by pg_dump version 12.22 (Ubuntu 12.22-0ubuntu0.20.04.4)

SET statement_timeout = 0;
SET lock_timeout = 0;
SET idle_in_transaction_session_timeout = 0;
SET client_encoding = 'UTF8';
SET standard_conforming_strings = on;
SELECT pg_catalog.set_config('search_path', '', false);
SET check_function_bodies = false;
SET xmloption = content;
SET client_min_messages = warning;
SET row_security = off;

DROP DATABASE universe;
--
-- Name: universe; Type: DATABASE; Schema: -; Owner: freecodecamp
--

CREATE DATABASE universe WITH TEMPLATE = template0 ENCODING = 'UTF8' LC_COLLATE = 'C.UTF-8' LC_CTYPE = 'C.UTF-8';


ALTER DATABASE universe OWNER TO freecodecamp;

\connect universe

SET statement_timeout = 0;
SET lock_timeout = 0;
SET idle_in_transaction_session_timeout = 0;
SET client_encoding = 'UTF8';
SET standard_conforming_strings = on;
SELECT pg_catalog.set_config('search_path', '', false);
SET check_function_bodies = false;
SET xmloption = content;
SET client_min_messages = warning;
SET row_security = off;

SET default_tablespace = '';

SET default_table_access_method = heap;

--
-- Name: galaxy; Type: TABLE; Schema: public; Owner: freecodecamp
--

CREATE TABLE public.galaxy (
    galaxy_id integer NOT NULL,
    name character varying(50) NOT NULL,
    age_in_millions_of_years integer,
    description text,
    has_life boolean
);


ALTER TABLE public.galaxy OWNER TO freecodecamp;

--
-- Name: galaxy_galaxy_id_seq; Type: SEQUENCE; Schema: public; Owner: freecodecamp
--

CREATE SEQUENCE public.galaxy_galaxy_id_seq
    AS integer
    START WITH 1
    INCREMENT BY 1
    NO MINVALUE
    NO MAXVALUE
    CACHE 1;


ALTER TABLE public.galaxy_galaxy_id_seq OWNER TO freecodecamp;

--
-- Name: galaxy_galaxy_id_seq; Type: SEQUENCE OWNED BY; Schema: public; Owner: freecodecamp
--

ALTER SEQUENCE public.galaxy_galaxy_id_seq OWNED BY public.galaxy.galaxy_id;


--
-- Name: galaxy_type; Type: TABLE; Schema: public; Owner: freecodecamp
--

CREATE TABLE public.galaxy_type (
    galaxy_type_id integer NOT NULL,
    name character varying(50) NOT NULL,
    description text
);


ALTER TABLE public.galaxy_type OWNER TO freecodecamp;

--
-- Name: galaxy_type_galaxy_type_id_seq; Type: SEQUENCE; Schema: public; Owner: freecodecamp
--

CREATE SEQUENCE public.galaxy_type_galaxy_type_id_seq
    AS integer
    START WITH 1
    INCREMENT BY 1
    NO MINVALUE
    NO MAXVALUE
    CACHE 1;


ALTER TABLE public.galaxy_type_galaxy_type_id_seq OWNER TO freecodecamp;

--
-- Name: galaxy_type_galaxy_type_id_seq; Type: SEQUENCE OWNED BY; Schema: public; Owner: freecodecamp
--

ALTER SEQUENCE public.galaxy_type_galaxy_type_id_seq OWNED BY public.galaxy_type.galaxy_type_id;


--
-- Name: moon; Type: TABLE; Schema: public; Owner: freecodecamp
--

CREATE TABLE public.moon (
    moon_id integer NOT NULL,
    name character varying(50) NOT NULL,
    planet_id integer NOT NULL,
    age_in_millions_of_years integer,
    is_spherical boolean
);


ALTER TABLE public.moon OWNER TO freecodecamp;

--
-- Name: moon_moon_id_seq; Type: SEQUENCE; Schema: public; Owner: freecodecamp
--

CREATE SEQUENCE public.moon_moon_id_seq
    AS integer
    START WITH 1
    INCREMENT BY 1
    NO MINVALUE
    NO MAXVALUE
    CACHE 1;


ALTER TABLE public.moon_moon_id_seq OWNER TO freecodecamp;

--
-- Name: moon_moon_id_seq; Type: SEQUENCE OWNED BY; Schema: public; Owner: freecodecamp
--

ALTER SEQUENCE public.moon_moon_id_seq OWNED BY public.moon.moon_id;


--
-- Name: planet; Type: TABLE; Schema: public; Owner: freecodecamp
--

CREATE TABLE public.planet (
    planet_id integer NOT NULL,
    name character varying(50) NOT NULL,
    distance_from_star numeric,
    is_spherical boolean,
    star_id integer NOT NULL,
    age_in_millions_of_years integer,
    has_life boolean
);


ALTER TABLE public.planet OWNER TO freecodecamp;

--
-- Name: planet_planet_id_seq; Type: SEQUENCE; Schema: public; Owner: freecodecamp
--

CREATE SEQUENCE public.planet_planet_id_seq
    AS integer
    START WITH 1
    INCREMENT BY 1
    NO MINVALUE
    NO MAXVALUE
    CACHE 1;


ALTER TABLE public.planet_planet_id_seq OWNER TO freecodecamp;

--
-- Name: planet_planet_id_seq; Type: SEQUENCE OWNED BY; Schema: public; Owner: freecodecamp
--

ALTER SEQUENCE public.planet_planet_id_seq OWNED BY public.planet.planet_id;


--
-- Name: star; Type: TABLE; Schema: public; Owner: freecodecamp
--

CREATE TABLE public.star (
    star_id integer NOT NULL,
    name character varying(50) NOT NULL,
    temperature integer,
    galaxy_id integer NOT NULL,
    age_in_millions_of_years integer,
    is_spherical boolean
);


ALTER TABLE public.star OWNER TO freecodecamp;

--
-- Name: star_star_id_seq; Type: SEQUENCE; Schema: public; Owner: freecodecamp
--

CREATE SEQUENCE public.star_star_id_seq
    AS integer
    START WITH 1
    INCREMENT BY 1
    NO MINVALUE
    NO MAXVALUE
    CACHE 1;


ALTER TABLE public.star_star_id_seq OWNER TO freecodecamp;

--
-- Name: star_star_id_seq; Type: SEQUENCE OWNED BY; Schema: public; Owner: freecodecamp
--

ALTER SEQUENCE public.star_star_id_seq OWNED BY public.star.star_id;


--
-- Name: galaxy galaxy_id; Type: DEFAULT; Schema: public; Owner: freecodecamp
--

ALTER TABLE ONLY public.galaxy ALTER COLUMN galaxy_id SET DEFAULT nextval('public.galaxy_galaxy_id_seq'::regclass);


--
-- Name: galaxy_type galaxy_type_id; Type: DEFAULT; Schema: public; Owner: freecodecamp
--

ALTER TABLE ONLY public.galaxy_type ALTER COLUMN galaxy_type_id SET DEFAULT nextval('public.galaxy_type_galaxy_type_id_seq'::regclass);


--
-- Name: moon moon_id; Type: DEFAULT; Schema: public; Owner: freecodecamp
--

ALTER TABLE ONLY public.moon ALTER COLUMN moon_id SET DEFAULT nextval('public.moon_moon_id_seq'::regclass);


--
-- Name: planet planet_id; Type: DEFAULT; Schema: public; Owner: freecodecamp
--

ALTER TABLE ONLY public.planet ALTER COLUMN planet_id SET DEFAULT nextval('public.planet_planet_id_seq'::regclass);


--
-- Name: star star_id; Type: DEFAULT; Schema: public; Owner: freecodecamp
--

ALTER TABLE ONLY public.star ALTER COLUMN star_id SET DEFAULT nextval('public.star_star_id_seq'::regclass);


--
-- Data for Name: galaxy; Type: TABLE DATA; Schema: public; Owner: freecodecamp
--

INSERT INTO public.galaxy VALUES (1, 'Milky Way', NULL, NULL, NULL);
INSERT INTO public.galaxy VALUES (2, 'Andromeda', NULL, NULL, NULL);
INSERT INTO public.galaxy VALUES (3, 'Triangulum', NULL, NULL, NULL);
INSERT INTO public.galaxy VALUES (4, 'Whirlpool', NULL, NULL, NULL);
INSERT INTO public.galaxy VALUES (5, 'Sombrero', NULL, NULL, NULL);
INSERT INTO public.galaxy VALUES (6, 'Black Eye', NULL, NULL, NULL);


--
-- Data for Name: galaxy_type; Type: TABLE DATA; Schema: public; Owner: freecodecamp
--

INSERT INTO public.galaxy_type VALUES (1, 'Spiral', NULL);
INSERT INTO public.galaxy_type VALUES (2, 'Elliptical', NULL);
INSERT INTO public.galaxy_type VALUES (3, 'Irregular', NULL);


--
-- Data for Name: moon; Type: TABLE DATA; Schema: public; Owner: freecodecamp
--

INSERT INTO public.moon VALUES (1, 'Moon', 3, NULL, NULL);
INSERT INTO public.moon VALUES (2, 'Phobos', 4, NULL, NULL);
INSERT INTO public.moon VALUES (3, 'Deimos', 4, NULL, NULL);
INSERT INTO public.moon VALUES (4, 'Io', 5, NULL, NULL);
INSERT INTO public.moon VALUES (5, 'Europa', 5, NULL, NULL);
INSERT INTO public.moon VALUES (6, 'Ganymede', 5, NULL, NULL);
INSERT INTO public.moon VALUES (7, 'Callisto', 5, NULL, NULL);
INSERT INTO public.moon VALUES (8, 'Titan', 6, NULL, NULL);
INSERT INTO public.moon VALUES (9, 'Enceladus', 6, NULL, NULL);
INSERT INTO public.moon VALUES (10, 'Mimas', 6, NULL, NULL);
INSERT INTO public.moon VALUES (11, 'Rhea', 6, NULL, NULL);
INSERT INTO public.moon VALUES (12, 'Iapetus', 6, NULL, NULL);
INSERT INTO public.moon VALUES (13, 'Triton', 8, NULL, NULL);
INSERT INTO public.moon VALUES (14, 'Nereid', 8, NULL, NULL);
INSERT INTO public.moon VALUES (15, 'Oberon', 7, NULL, NULL);
INSERT INTO public.moon VALUES (16, 'Titania', 7, NULL, NULL);
INSERT INTO public.moon VALUES (17, 'Umbriel', 7, NULL, NULL);
INSERT INTO public.moon VALUES (18, 'Ariel', 7, NULL, NULL);
INSERT INTO public.moon VALUES (19, 'Miranda', 7, NULL, NULL);
INSERT INTO public.moon VALUES (20, 'Charon', 9, NULL, NULL);


--
-- Data for Name: planet; Type: TABLE DATA; Schema: public; Owner: freecodecamp
--

INSERT INTO public.planet VALUES (1, 'Mercury', NULL, NULL, 1, NULL, NULL);
INSERT INTO public.planet VALUES (2, 'Venus', NULL, NULL, 1, NULL, NULL);
INSERT INTO public.planet VALUES (3, 'Earth', NULL, NULL, 1, NULL, NULL);
INSERT INTO public.planet VALUES (4, 'Mars', NULL, NULL, 1, NULL, NULL);
INSERT INTO public.planet VALUES (5, 'Jupiter', NULL, NULL, 1, NULL, NULL);
INSERT INTO public.planet VALUES (6, 'Saturn', NULL, NULL, 1, NULL, NULL);
INSERT INTO public.planet VALUES (7, 'Uranus', NULL, NULL, 1, NULL, NULL);
INSERT INTO public.planet VALUES (8, 'Neptune', NULL, NULL, 1, NULL, NULL);
INSERT INTO public.planet VALUES (9, 'Kepler-22b', NULL, NULL, 2, NULL, NULL);
INSERT INTO public.planet VALUES (10, 'Proxima b', NULL, NULL, 3, NULL, NULL);
INSERT INTO public.planet VALUES (11, 'HD 209458 b', NULL, NULL, 4, NULL, NULL);
INSERT INTO public.planet VALUES (12, 'Gliese 581 g', NULL, NULL, 5, NULL, NULL);


--
-- Data for Name: star; Type: TABLE DATA; Schema: public; Owner: freecodecamp
--

INSERT INTO public.star VALUES (1, 'Sun', NULL, 1, NULL, NULL);
INSERT INTO public.star VALUES (2, 'Sirius', NULL, 1, NULL, NULL);
INSERT INTO public.star VALUES (3, 'Betelgeuse', NULL, 1, NULL, NULL);
INSERT INTO public.star VALUES (4, 'Rigel', NULL, 2, NULL, NULL);
INSERT INTO public.star VALUES (5, 'Vega', NULL, 2, NULL, NULL);
INSERT INTO public.star VALUES (6, 'Altair', NULL, 3, NULL, NULL);


--
-- Name: galaxy_galaxy_id_seq; Type: SEQUENCE SET; Schema: public; Owner: freecodecamp
--

SELECT pg_catalog.setval('public.galaxy_galaxy_id_seq', 6, true);


--
-- Name: galaxy_type_galaxy_type_id_seq; Type: SEQUENCE SET; Schema: public; Owner: freecodecamp
--

SELECT pg_catalog.setval('public.galaxy_type_galaxy_type_id_seq', 3, true);


--
-- Name: moon_moon_id_seq; Type: SEQUENCE SET; Schema: public; Owner: freecodecamp
--

SELECT pg_catalog.setval('public.moon_moon_id_seq', 20, true);


--
-- Name: planet_planet_id_seq; Type: SEQUENCE SET; Schema: public; Owner: freecodecamp
--

SELECT pg_catalog.setval('public.planet_planet_id_seq', 12, true);


--
-- Name: star_star_id_seq; Type: SEQUENCE SET; Schema: public; Owner: freecodecamp
--

SELECT pg_catalog.setval('public.star_star_id_seq', 6, true);


--
-- Name: galaxy galaxy_name_unique; Type: CONSTRAINT; Schema: public; Owner: freecodecamp
--

ALTER TABLE ONLY public.galaxy
    ADD CONSTRAINT galaxy_name_unique UNIQUE (name);


--
-- Name: galaxy galaxy_pkey; Type: CONSTRAINT; Schema: public; Owner: freecodecamp
--

ALTER TABLE ONLY public.galaxy
    ADD CONSTRAINT galaxy_pkey PRIMARY KEY (galaxy_id);


--
-- Name: galaxy_type galaxy_type_name_key; Type: CONSTRAINT; Schema: public; Owner: freecodecamp
--

ALTER TABLE ONLY public.galaxy_type
    ADD CONSTRAINT galaxy_type_name_key UNIQUE (name);


--
-- Name: galaxy_type galaxy_type_name_unique; Type: CONSTRAINT; Schema: public; Owner: freecodecamp
--

ALTER TABLE ONLY public.galaxy_type
    ADD CONSTRAINT galaxy_type_name_unique UNIQUE (name);


--
-- Name: galaxy_type galaxy_type_pkey; Type: CONSTRAINT; Schema: public; Owner: freecodecamp
--

ALTER TABLE ONLY public.galaxy_type
    ADD CONSTRAINT galaxy_type_pkey PRIMARY KEY (galaxy_type_id);


--
-- Name: moon moon_name_unique; Type: CONSTRAINT; Schema: public; Owner: freecodecamp
--

ALTER TABLE ONLY public.moon
    ADD CONSTRAINT moon_name_unique UNIQUE (name);


--
-- Name: moon moon_pkey; Type: CONSTRAINT; Schema: public; Owner: freecodecamp
--

ALTER TABLE ONLY public.moon
    ADD CONSTRAINT moon_pkey PRIMARY KEY (moon_id);


--
-- Name: planet planet_name_unique; Type: CONSTRAINT; Schema: public; Owner: freecodecamp
--

ALTER TABLE ONLY public.planet
    ADD CONSTRAINT planet_name_unique UNIQUE (name);


--
-- Name: planet planet_pkey; Type: CONSTRAINT; Schema: public; Owner: freecodecamp
--

ALTER TABLE ONLY public.planet
    ADD CONSTRAINT planet_pkey PRIMARY KEY (planet_id);


--
-- Name: star star_name_unique; Type: CONSTRAINT; Schema: public; Owner: freecodecamp
--

ALTER TABLE ONLY public.star
    ADD CONSTRAINT star_name_unique UNIQUE (name);


--
-- Name: star star_pkey; Type: CONSTRAINT; Schema: public; Owner: freecodecamp
--

ALTER TABLE ONLY public.star
    ADD CONSTRAINT star_pkey PRIMARY KEY (star_id);


--
-- Name: moon moon_planet_id_fkey; Type: FK CONSTRAINT; Schema: public; Owner: freecodecamp
--

ALTER TABLE ONLY public.moon
    ADD CONSTRAINT moon_planet_id_fkey FOREIGN KEY (planet_id) REFERENCES public.planet(planet_id);


--
-- Name: planet planet_star_id_fkey; Type: FK CONSTRAINT; Schema: public; Owner: freecodecamp
--

ALTER TABLE ONLY public.planet
    ADD CONSTRAINT planet_star_id_fkey FOREIGN KEY (star_id) REFERENCES public.star(star_id);


--
-- Name: star star_galaxy_id_fkey; Type: FK CONSTRAINT; Schema: public; Owner: freecodecamp
--

ALTER TABLE ONLY public.star
    ADD CONSTRAINT star_galaxy_id_fkey FOREIGN KEY (galaxy_id) REFERENCES public.galaxy(galaxy_id);


--
-- PostgreSQL database dump complete
--

